[
  {
    "id": "91fcd324-822e-4c11-8e70-2f3bcdd94f46",
    "hash": "0xb90db45b0c04a",
    "fid": 1806866286,
    "username": "dewas",
    "displayName": "dewas",
    "avatar": null,
    "data": {
      "text": "test6",
      "timestamp": 1744041219036,
      "mentions": [],
      "mentionsPositions": [],
      "embeds": []
    },
    "createdAt": "2025-04-07T15:53:39.036Z"
  },
  {
    "id": "9c30ff4f-fe5d-4700-9862-55842213ddb4",
    "hash": "0xca3403ee2ba74",
    "fid": 1806866286,
    "username": "dewas",
    "displayName": "dewas",
    "avatar": null,
    "data": {
      "text": "test5 ",
      "timestamp": 1744040144921,
      "mentions": [],
      "mentionsPositions": [],
      "embeds": []
    },
    "createdAt": "2025-04-07T15:35:44.921Z"
  },
  {
    "id": "7890ae21-09e3-4856-a00d-b3010d9b2452",
    "hash": "0x80262281817ff",
    "fid": 5253980722,
    "username": "amanpatel",
    "displayName": "aman.patel",
    "avatar": null,
    "data": {
      "text": "testing http://localhost:3000/#login",
      "timestamp": 1744034202374,
      "mentions": [],
      "mentionsPositions": [],
      "embeds": []
    },
    "createdAt": "2025-04-07T13:56:42.374Z"
  },
  {
    "id": "1af5ccad-861c-44d7-91da-0f7132501ac4",
    "hash": "0xbdfc8eaaf3c1f",
    "fid": 5253980722,
    "username": "amanpatel",
    "displayName": "aman.patel",
    "avatar": null,
    "data": {
      "text": "test3",
      "timestamp": 1744033550320,
      "mentions": [],
      "mentionsPositions": [],
      "embeds": []
    },
    "createdAt": "2025-04-07T13:45:50.320Z"
  },
  {
    "id": "1162065f-8218-4808-87cd-adc4cd068512",
    "hash": "0x61c5ed71a2367",
    "fid": 1806866286,
    "username": "dewas",
    "displayName": "dewas",
    "avatar": null,
    "data": {
      "text": "@amanpatel hey",
      "timestamp": 1744032066883,
      "mentions": [
        0
      ],
      "mentionsPositions": [
        0
      ],
      "embeds": []
    },
    "createdAt": "2025-04-07T13:21:06.883Z"
  },
  {
    "id": "69091b44-11b7-48c2-9a53-a7c7e9c88f71",
    "hash": "0x3cc988fa466e7",
    "fid": 1806866286,
    "username": "dewas",
    "displayName": "dewas",
    "avatar": null,
    "data": {
      "text": "hey2",
      "timestamp": 1744030309645,
      "mentions": [],
      "mentionsPositions": [],
      "embeds": []
    },
    "createdAt": "2025-04-07T12:51:49.646Z"
  },
  {
    "id": "ae1f9884-ea78-4e44-9930-1c99ad643d42",
    "hash": "0x98b4523e02a4d",
    "fid": 1806866286,
    "username": "dewas",
    "displayName": "dewas",
    "avatar": null,
    "data": {
      "text": "hey",
      "timestamp": 1744029659927,
      "mentions": [],
      "mentionsPositions": [],
      "embeds": []
    },
    "createdAt": "2025-04-07T12:40:59.927Z"
  },
  {
    "id": "d09babea-74a9-4b66-8496-1607b3adeef0",
    "hash": "0x6084f6d34214",
    "fid": 5253980722,
    "username": "amanpatel",
    "displayName": "aman.patel",
    "avatar": null,
    "data": {
      "text": "testing",
      "timestamp": 1744029533870,
      "mentions": [],
      "mentionsPositions": [],
      "embeds": []
    },
    "createdAt": "2025-04-07T12:38:53.870Z"
  },
  {
    "id": "446950db-6f5f-4d5b-b9c3-03c87d9dfd16",
    "hash": "0x058d9bde4eb22",
    "fid": 5253980722,
    "username": "amanpatel",
    "displayName": "aman.patel",
    "avatar": null,
    "data": {
      "text": "hi",
      "timestamp": 1744029506778,
      "mentions": [],
      "mentionsPositions": [],
      "embeds": []
    },
    "createdAt": "2025-04-07T12:38:26.778Z"
  }
]