{
  "1af5ccad-861c-44d7-91da-0f7132501ac4": [
    {
      "id": "b015ecef-a7e0-4b82-817a-ba467895a5fb",
      "text": "nice",
      "authorFid": 1806866286,
      "timestamp": 1744033645203,
      "votes": [],
      "replies": [
        "409859f2-6baf-4abe-8ece-84cfb29f8833"
      ]
    },
    {
      "id": "f361dccb-a2b4-4191-81db-2e5885ff467b",
      "text": "thanks ❤️",
      "authorFid": 5253980722,
      "timestamp": 1744033672527,
      "votes": []
    },
    {
      "id": "409859f2-6baf-4abe-8ece-84cfb29f8833",
      "text": "reply3",
      "authorFid": 1806866286,
      "timestamp": 1744033696624,
      "parentId": "b015ecef-a7e0-4b82-817a-ba467895a5fb",
      "votes": [],
      "replies": [
        "f9503ea3-bc77-4f1d-b960-ce7d65453556"
      ]
    },
    {
      "id": "f9503ea3-bc77-4f1d-b960-ce7d65453556",
      "text": "reply4",
      "authorFid": 5253980722,
      "timestamp": 1744033742236,
      "parentId": "409859f2-6baf-4abe-8ece-84cfb29f8833",
      "votes": []
    }
  ],
  "topic-001": [
    {
      "id": "reply-1744120009779-6153",
      "text": "6rd",
      "authorFid": 1806866286,
      "timestamp": 1744120009779,
      "votes": [],
      "replies": []
    },
    {
      "id": "reply-1744120034370-9587",
      "text": "tdxcdtxc",
      "authorFid": 1806866286,
      "timestamp": 1744120034370,
      "parentId": "reply-001",
      "votes": [],
      "replies": []
    },
    {
      "id": "reply-1744120044332-1977",
      "text": "ufvv\n",
      "authorFid": 1806866286,
      "timestamp": 1744120044332,
      "parentId": "reply-001",
      "votes": [],
      "replies": [
        "reply-1744120061976-1302"
      ]
    },
    {
      "id": "reply-1744120061976-1302",
      "text": "yhf",
      "authorFid": 1806866286,
      "timestamp": 1744120061976,
      "parentId": "reply-1744120044332-1977",
      "votes": [],
      "replies": []
    }
  ],
  "topic-1744121197308-2225": [
    {
      "id": "reply-1744121229053-9396",
      "text": "HEY",
      "authorFid": 3999566875,
      "timestamp": 1744121229053,
      "votes": [],
      "replies": []
    }
  ]
}