[
  {
    "id": "85227d42-3dc4-46f4-8261-e68e6017d8a5",
    "email": "aman.patel@kareai.io",
    "passwordHash": "5ee2ed002c62d05a486cf75e4e1bfc5f7029c56a8df98f59df4f16ee3b6d741fcfd6dbccf083927906fbee871302a5d689e864cb5a84abf2d39d7bf31eb8842e",
    "passwordSalt": "dd383e67e76656a5fb8f9ea08e6dcecc",
    "username": "amanpatel",
    "displayName": "aman.patel",
    "fid": 5253980722,
    "provider": "email",
    "pfp": null,
    "bio": "I'm aman.patel, joined via email registration",
    "followers": [],
    "following": [
      1806866286
    ],
    "verifications": [],
    "authToken": "8451ea21-b8dc-41a7-9776-6f14af5d1140",
    "createdAt": "2025-04-06T15:53:13.780Z",
    "stats": {
      "postCount": 0,
      "commentCount": 2,
      "receivedUpvotes": 2,
      "receivedDownvotes": 0,
      "givenUpvotes": 1,
      "givenDownvotes": 0
    }
  },
  {
    "id": "e9c19e4a-8de1-4095-bd54-1cf18380e89b",
    "email": "dewas@gmail.com",
    "passwordHash": "1bf0d054df1ebcd20475f32931b929f1dc5f742c93f67b80232b696b587a277fcd76c8a15fc490c020cad30e6dc4cf911ac1d7a405fdc0b2a9e7cbac3940cedb",
    "passwordSalt": "54ee67ff71ff1b3e77ee31a3b55ddde9",
    "username": "dewas",
    "displayName": "dewas",
    "fid": 1806866286,
    "provider": "email",
    "pfp": null,
    "bio": "I'm dewas, joined via email registration",
    "followers": [
      5253980722
    ],
    "following": [],
    "verifications": [],
    "authToken": "a35e2329-89f7-4b8d-9b80-61b05559eaf8",
    "createdAt": "2025-04-07T12:40:41.863Z",
    "stats": {
      "postCount": 0,
      "commentCount": 2,
      "receivedUpvotes": 2,
      "receivedDownvotes": 1,
      "givenUpvotes": 3,
      "givenDownvotes": 1
    }
  },
  {
    "id": "a3bb354e-30ea-4335-9ec2-9669cd883d34",
    "email": "aman@gmail.com",
    "passwordHash": "bfecb3e0ddb8ad9fa076b16e432f08dfdc8fc18fd5eda427edfdb75e3a1d21ece6c319ba46dc167a434982fa4c4ce9bcfa3c3ba42ff0953611b9c023148264d6",
    "passwordSalt": "79ce50eec47f34ea9c174ae99eea02e2",
    "username": "aman",
    "displayName": "aman",
    "fid": 3999566875,
    "provider": "email",
    "pfp": null,
    "bio": "I'm aman, joined via email registration",
    "followers": [],
    "following": [],
    "stats": {
      "postCount": 0,
      "commentCount": 0,
      "receivedUpvotes": 0,
      "receivedDownvotes": 0,
      "givenUpvotes": 0,
      "givenDownvotes": 0
    },
    "verifications": [],
    "authToken": "24992e15-122c-49df-a479-d56561fe8961",
    "createdAt": "2025-04-08T12:36:35.834Z"
  }
]