[
  {
    "id": "topic-1744121197308-2225",
    "title": "testing",
    "content": "wedscxfwaesq",
    "authorFid": 1806866286,
    "authorName": "dewas",
    "categoryId": "announcements",
    "timestamp": 1744121197308,
    "replyCount": 1,
    "viewCount": 16,
    "isPinned": false,
    "isLocked": false,
    "tags": [
      "ai"
    ],
    "lastReplyTimestamp": 1744121229053,
    "lastReplyAuthorFid": 3999566875,
    "lastReplyAuthorName": "aman"
  },
  {
    "id": "topic-001",
    "title": "Welcome to the Medical Collaboration Forum!",
    "content": "Welcome to our new platform for medical professionals and researchers to collaborate. Please read our community guidelines and introduce yourself in the comments!",
    "authorFid": 1806866286,
    "authorName": "Dr. Johnson",
    "categoryId": "announcements",
    "timestamp": 1743033550320,
    "lastReplyTimestamp": 1744120061976,
    "lastReplyAuthorFid": 1806866286,
    "lastReplyAuthorName": "dewas",
    "replyCount": 9,
    "viewCount": 73,
    "isPinned": true,
    "tags": [
      "welcome",
      "guidelines"
    ]
  },
  {
    "id": "topic-002",
    "title": "New Research on Alzheimer's Treatment Shows Promise",
    "content": "Recent clinical trials have shown promising results for a new drug targeting amyloid plaques. Has anyone else been following this research or participating in similar trials?",
    "authorFid": 5253980722,
    "authorName": "Dr. Smith",
    "categoryId": "clinical-research",
    "timestamp": 1743032550320,
    "lastReplyTimestamp": 1743033550320,
    "lastReplyAuthorFid": 1806866286,
    "lastReplyAuthorName": "Dr. Johnson",
    "replyCount": 8,
    "viewCount": 78,
    "tags": [
      "alzheimers",
      "clinical-trials",
      "neurology"
    ]
  },
  {
    "id": "topic-003",
    "title": "Unusual Presentation of Kawasaki Disease in Adult Patient",
    "content": "I recently encountered an unusual case of Kawasaki disease in a 32-year-old male patient. The presentation included...[details omitted for privacy]. Has anyone seen similar cases in adult populations?",
    "authorFid": 1806866286,
    "authorName": "Dr. Johnson",
    "categoryId": "medical-cases",
    "timestamp": 1742033550320,
    "lastReplyTimestamp": 1743031550320,
    "lastReplyAuthorFid": 5253980722,
    "lastReplyAuthorName": "Dr. Smith",
    "replyCount": 12,
    "viewCount": 104,
    "tags": [
      "kawasaki-disease",
      "case-study",
      "immunology"
    ]
  },
  {
    "id": "topic-004",
    "title": "Latest Advances in Telemedicine Platforms",
    "content": "What telemedicine platforms are you using in your practice? I'm looking for something with good integration for remote monitoring devices, especially for cardiac patients.",
    "authorFid": 5253980722,
    "authorName": "Dr. Smith",
    "categoryId": "equipment-technology",
    "timestamp": 1742033450320,
    "lastReplyTimestamp": 1742033550320,
    "lastReplyAuthorFid": 1806866286,
    "lastReplyAuthorName": "Dr. Johnson",
    "replyCount": 7,
    "viewCount": 83,
    "tags": [
      "telemedicine",
      "cardiac-care",
      "remote-monitoring"
    ]
  },
  {
    "id": "topic-005",
    "title": "Call for Participants: Multi-center Study on Long COVID",
    "content": "We're organizing a multi-center study on long COVID symptoms and treatment efficacy. Looking for participating centers and researchers. Please comment if you're interested.",
    "authorFid": 1806866286,
    "authorName": "Dr. Johnson",
    "categoryId": "clinical-research",
    "timestamp": 1741033550320,
    "lastReplyTimestamp": 1741033650320,
    "lastReplyAuthorFid": 5253980722,
    "lastReplyAuthorName": "Dr. Smith",
    "replyCount": 15,
    "viewCount": 120,
    "isPinned": true,
    "tags": [
      "covid-19",
      "long-covid",
      "research-collaboration"
    ]
  }
]