{
  "1af5ccad-861c-44d7-91da-0f7132501ac4": [
    {
      "userId": 5253980722,
      "value": 1,
      "timestamp": 1744033616632
    },
    {
      "userId": 1806866286,
      "value": 1,
      "timestamp": 1744033626702
    }
  ],
  "1162065f-8218-4808-87cd-adc4cd068512": [
    {
      "userId": 1806866286,
      "value": 1,
      "timestamp": 1744038403272
    }
  ],
  "69091b44-11b7-48c2-9a53-a7c7e9c88f71": [
    {
      "userId": 1806866286,
      "value": -1,
      "timestamp": 1744038422464
    }
  ],
  "ae1f9884-ea78-4e44-9930-1c99ad643d42": [
    {
      "userId": 1806866286,
      "value": 1,
      "timestamp": 1744038425880
    }
  ]
}